#,Tipo de Post,Conteudo (Resumo),Headline (5 Sugestões),Roteiro Reels,Roteiro Carrossel,Legenda SEO Evergreen,CTA (5 Sugestões),Hacks
1,Autoridade,Explicação científica da harmonização íntima masculina com ácido hialurônico.,"1. ""Ácido hialurônico: ciência para confiança masculina""; 2. ""Harmonização peniana: fatos vs. mitos""; 3. ""Segurança em estética íntima masculina""; 4. ""Transformação natural explicada""; 5. ""Procedimentos minimamente invasivos para homens"".",- Cena 1: Dra. explicando molécula; - Cena 2: Animação de aplicação; - Cena 3: Dica de recuperação.,Slide 1: Definição; Slide 2: Benefícios; Slide 3: Riscos minimizados; Slide 4: FAQ.,"""Descubra como a harmonização íntima masculina com ácido hialurônico promove autoestima e segurança procedimentos estéticos. Estética íntima masculina no Brasil: resultados naturais e rejuvenescimento íntimo.""","1. ""DM para consulta gratuita""; 2. ""Comente sua dúvida""; 3. ""Salve e agende""; 4. ""Marque um amigo""; 5. ""Link bio para mais info"".",Use animações 3D; postar às 19h; #HarmonizacaoIntimaMasculina.
2,Credibilidade,Depoimento anônimo de paciente pós-harmonização íntima masculina.,"1. ""História real: confiança restaurada""; 2. ""Depoimento: harmonização mudou minha vida""; 3. ""Prova social em estética masculina""; 4. ""Antes e depois: transformação íntima""; 5. ""Pacientes falam: resultados reais"".",- Cena 1: Texto anônimo lido pela Dra.; - Cena 2: Ícones de antes/depois; - Cena 3: Chamada emocional.,Slide 1: Introdução; Slide 2: Trecho depoimento; Slide 3: Benefícios; Slide 4: Convite.,"""Ouça histórias reais de harmonização íntima masculina que elevam autoestima e segurança procedimentos estéticos. Preenchimento íntimo masculino: rejuvenescimento íntimo e estética íntima masculina no Brasil.""","1. ""Compartilhe sua experiência nos comentários""; 2. ""DM para depoimento anônimo""; 3. ""Salve para inspiração""; 4. ""Agende via link bio""; 5. ""Marque quem precisa ver"".",Blurre faces; música inspiradora; #DepoimentosEstetica.
3,Engajamento,Q&A sobre mitos da harmonização íntima masculina.,"1. ""Mitos desvendados: harmonização peniana""; 2. ""Perguntas comuns respondidas""; 3. ""Quebre tabus com fatos""; 4. ""Dor na estética íntima? Verdade aqui""; 5. ""Curiosidades sobre preenchimento masculino"".",- Cena 1: Pergunta na tela; - Cena 2: Dra. respondendo; - Cena 3: Convite para mais dúvidas.,Slide 1: Mito 1; Slide 2: Fato; Slide 3: Mito 2; Slide 4: Fato; Slide 5: Pergunte mais.,"""Desvende mitos sobre harmonização íntima masculina e ganhe autoestima com segurança procedimentos estéticos. Estética íntima masculina: rejuvenescimento íntimo e preenchimento íntimo masculino em alta no Brasil.""","1. ""Comente sua pergunta""; 2. ""DM dúvidas privadas""; 3. ""Salve e vote em poll""; 4. ""Marque amigos curiosos""; 5. ""Link bio para e-book grátis"".",Use polls em stories; responder comentários; #MitosEstetica.
4,Autoridade,Passo a passo do procedimento de harmonização íntima feminina.,"1. ""Guia: harmonização íntima feminina""; 2. ""Ninfoplastia explicada""; 3. ""Rejuvenescimento íntimo passo a passo""; 4. ""Segurança em estética feminina""; 5. ""Transforme com laser CO2"".",- Cena 1: Introdução; - Cena 2: Passos animados; - Cena 3: Pós-cuidado.,Slide 1: Preparo; Slide 2: Procedimento; Slide 3: Recuperação; Slide 4: Resultados.,"""Aprenda o passo a passo da harmonização íntima feminina para mais autoestima e conforto. Rejuvenescimento íntimo feminino: ninfoplastia, estética íntima feminina e segurança procedimentos estéticos no Brasil.""","1. ""DM para avaliação""; 2. ""Comente se ajudou""; 3. ""Salve o guia""; 4. ""Agende consulta""; 5. ""Marque uma amiga"".",Infográficos simples; postar manhãs; #HarmonizacaoIntimaFeminina.
5,Credibilidade,Antes/depois de rejuvenescimento íntimo feminino com laser.,"1. ""Transformação: rejuvenescimento íntimo""; 2. ""Antes e depois feminino""; 3. ""Resultados reais em estética íntima""; 4. ""Firmeza e confiança restauradas""; 5. ""Prova de laser CO2"".",- Cena 1: Antes censurado; - Cena 2: Após; - Cena 3: Explicação rápida.,Slide 1: Antes; Slide 2: Procedimento; Slide 3: Após; Slide 4: Testemunho.,"""Veja resultados reais de rejuvenescimento íntimo feminino que impulsionam autoestima. Harmonização íntima feminina: ninfoplastia, estética íntima feminina e segurança procedimentos estéticos em clínicas premium.""","1. ""Comente sua opinião""; 2. ""DM para detalhes""; 3. ""Salve antes/depois""; 4. ""Link bio agendamento""; 5. ""Marque quem inspira"".",Censura ética; lighting natural; #AntesDepoisEstetica.
6,Engajamento,Poll sobre tabus em estética íntima feminina.,"1. ""Tabus quebrados: vote agora""; 2. ""O que te impede na estética íntima?""; 3. ""Poll: medos comuns femininos""; 4. ""Discuta rejuvenescimento""; 5. ""Sua opinião conta"".",- Cena 1: Pergunta poll; - Cena 2: Dra. comentando opções; - Cena 3: Convite interação.,Slide 1: Poll question; Slide 2: Opções; Slide 3: Explicação; Slide 4: Resultados simulados.,"""Quebre tabus com rejuvenescimento íntimo feminino e eleve sua autoestima. Harmonização íntima feminina: ninfoplastia, estética íntima feminina e segurança procedimentos estéticos no Brasil.""","1. ""Vote nos stories""; 2. ""Comente por quê""; 3. ""DM sua história""; 4. ""Salve e participe""; 5. ""Marque amigas"".",Integre stories; boost engajamento; #PollsEstetica.
7,Autoridade,Ciência por trás da harmonização full face.,"1. ""Full face: equilíbrio científico""; 2. ""Harmonização facial explicada""; 3. ""Vector technique em ação""; 4. ""Preenchimento facial seguro""; 5. ""Resultados naturais full face"".",- Cena 1: Diagrama facial; - Cena 2: Explicação técnica; - Cena 3: Dica personalizada.,Slide 1: Princípios; Slide 2: Técnicas; Slide 3: Benefícios; Slide 4: Cuidados.,"""Entenda a harmonização full face para autoestima elevada com segurança procedimentos estéticos. Harmonização facial completa: preenchimento facial, rejuvenescimento facial e estética facial no Brasil.""","1. ""DM consulta full face""; 2. ""Comente área de interesse""; 3. ""Salve o guia""; 4. ""Agende via bio""; 5. ""Marque um amigo"".",Use gráficos; postar tardes; #HarmonizacaoFullFace.
8,Credibilidade,Caso de sucesso em harmonização full face.,"1. ""Sucesso full face: história real""; 2. ""Depoimento equilíbrio facial""; 3. ""Prova social full face""; 4. ""Transformação sem exageros""; 5. ""Resultados pacientes falam"".",- Cena 1: Paciente anônimo; - Cena 2: Antes/depois; - Cena 3: Feedback.,Slide 1: Desafio; Slide 2: Tratamento; Slide 3: Resultado; Slide 4: Lição.,"""Histórias de harmonização full face que inspiram autoestima. Harmonização facial completa: preenchimento facial, rejuvenescimento facial e segurança procedimentos estéticos em clínicas premium.""","1. ""Compartilhe nos comentários""; 2. ""DM sua jornada""; 3. ""Salve inspiração""; 4. ""Link bio para marcar""; 5. ""Marque quem precisa"".",Vídeo depoimento; emoção sutil; #CasosSucesso.
9,Engajamento,Quiz sobre harmonização full face.,"1. ""Quiz: full face para você?""; 2. ""Teste seu conhecimento facial""; 3. ""Perguntas full face""; 4. ""Descubra equilíbrio""; 5. ""Interaja com estética facial"".",- Cena 1: Pergunta 1; - Cena 2: Resposta; - Cena 3: Pontuação e convite.,Slide 1: Quiz intro; Slide 2: Q1; Slide 3: A1; Slide 4: Q2; Slide 5: Resultados.,"""Faça o quiz sobre harmonização full face e booste sua autoestima. Harmonização facial completa: preenchimento facial, rejuvenescimento facial e segurança procedimentos estéticos no Brasil.""","1. ""Comente sua pontuação""; 2. ""DM para quiz personalizado""; 3. ""Salve e teste""; 4. ""Marque amigos""; 5. ""Vote em poll"".",Interativo; música fun; #QuizEstetica.
10,Autoridade,Benefícios do preenchimento de glúteos com bioestimuladores.,"1. ""Bioestimuladores glúteos: ciência""; 2. ""Harmonização glútea explicada""; 3. ""Firmeza natural glúteos""; 4. ""Preenchimento seguro""; 5. ""Transforme com Sculptra"".",- Cena 1: Mecanismo colágeno; - Cena 2: Aplicação; - Cena 3: Manutenção.,Slide 1: O que é; Slide 2: Prós; Slide 3: Cons; Slide 4: FAQ.,"""Explore preenchimento glúteos para autoestima e forma. Harmonização glútea: biostimulador glúteo, estética corporal e segurança procedimentos estéticos no Brasil.""","1. ""DM para info glúteos""; 2. ""Comente dúvida""; 3. ""Salve guia""; 4. ""Agende consulta""; 5. ""Marque parceira"".",Animações corporais; horário pico; #PreenchimentoGluteos.
11,Credibilidade,Testemunho pós-preenchimento glúteos.,"1. ""Glúteos transformados: depoimento""; 2. ""Prova real harmonização glútea""; 3. ""Antes/depois glúteos""; 4. ""Confiança em forma""; 5. ""Pacientes reais falam"".",- Cena 1: História; - Cena 2: Visual censurado; - Cena 3: Emoção.,Slide 1: Antes; Slide 2: Processo; Slide 3: Após; Slide 4: Feedback.,"""Depoimentos de preenchimento glúteos que elevam autoestima. Harmonização glútea: biostimulador glúteo, estética corporal e segurança procedimentos estéticos em premium clinics.""","1. ""Comente sua meta""; 2. ""DM história""; 3. ""Salve motivação""; 4. ""Link bio agendar""; 5. ""Marque amiga"".",Autêntico; filtro natural; #Testemunhos.
12,Engajamento,Desafio de dicas para glúteos firmes.,"1. ""Desafio glúteos: firmeza""; 2. ""Dicas interativas harmonização""; 3. ""Participe: estética glútea""; 4. ""Vote em bioestimuladores""; 5. ""Engaje com corpo"".",- Cena 1: Desafio intro; - Cena 2: Dica 1; - Cena 3: Convite dueto.,Slide 1: Desafio; Slide 2: Dica 1; Slide 3: Dica 2; Slide 4: Resultado esperado.,"""Junte-se ao desafio de preenchimento glúteos para mais autoestima. Harmonização glútea: biostimulador glúteo, estética corporal e segurança procedimentos estéticos no Brasil.""","1. ""Duete este reel""; 2. ""Comente progresso""; 3. ""DM desafio personalizado""; 4. ""Salve e tente""; 5. ""Marque parceiros"".",Duetos incentivados; trend sound; #DesafiosEstetica.
13,Autoridade,Comparação técnicas harmonização íntima masculina.,"1. ""Técnicas comparadas: íntima masculina""; 2. ""Ácido vs. bioestimuladores""; 3. ""Escolha certa em estética""; 4. ""Ciência íntima masculina""; 5. ""Opções seguras explicadas"".",- Cena 1: Técnica 1; - Cena 2: Prós/cons; - Cena 3: Recomendação.,Slide 1: Técnica A; Slide 2: Técnica B; Slide 3: Comparação; Slide 4: Escolha.,"""Compare técnicas de harmonização íntima masculina para autoestima otimizada. Preenchimento íntimo masculino: rejuvenescimento íntimo, estética íntima masculina e segurança procedimentos estéticos.""","1. ""DM para comparação pessoal""; 2. ""Comente preferência""; 3. ""Salve tabela""; 4. ""Agende via link""; 5. ""Marque curioso"".",Tabela visual; postar fins de semana; #ComparacoesEstetica.
14,Credibilidade,Jornada de paciente em harmonização íntima feminina.,"1. ""Jornada real: íntima feminina""; 2. ""De insegurança a empoderamento""; 3. ""História rejuvenescimento""; 4. ""Prova em ninfoplastia""; 5. ""Transformação compartilhada"".",- Cena 1: Início; - Cena 2: Meio; - Cena 3: Fim emocional.,Slide 1: Consulta; Slide 2: Procedimento; Slide 3: Recuperação; Slide 4: Resultado.,"""Siga jornadas de harmonização íntima feminina que boostam autoestima. Rejuvenescimento íntimo feminino: ninfoplastia, estética íntima feminina e segurança procedimentos estéticos.""","1. ""Comente sua jornada""; 2. ""DM para compartilhar""; 3. ""Salve história""; 4. ""Link bio consulta""; 5. ""Marque inspiradora"".",Storytelling; música suave; #JornadasPacientes.
15,Engajamento,React a mitos sobre full face.,"1. ""React mitos full face""; 2. ""Desmascarando harmonização facial""; 3. ""Reaja com fatos""; 4. ""Mitos vs. realidade facial""; 5. ""Interaja com ciência"".",- Cena 1: Mito na tela; - Cena 2: Dra. reagindo; - Cena 3: Convite react.,Slide 1: Mito 1; Slide 2: React; Slide 3: Mito 2; Slide 4: React.,"""Reaja a mitos de harmonização full face para mais autoestima. Harmonização facial completa: preenchimento facial, rejuvenescimento facial e segurança procedimentos estéticos no Brasil.""","1. ""Comente seu mito""; 2. ""DM react privado""; 3. ""Salve e reaja""; 4. ""Marque para debate""; 5. ""Vote em stories"".",Vídeo react; humor leve; #ReactsEstetica.
16,Autoridade,Cuidados pós-preenchimento glúteos.,"1. ""Pós-cuidado glúteos: guia""; 2. ""Recuperação harmonização glútea""; 3. ""Dicas bioestimuladores""; 4. ""Segurança pós-procedimento""; 5. ""Manutenção firmeza"".",- Cena 1: Rotina diária; - Cena 2: Sinais alerta; - Cena 3: Dicas longas.,Slide 1: Dia 1; Slide 2: Semana 1; Slide 3: Mês 1; Slide 4: Manutenção.,"""Guia de cuidados pós-preenchimento glúteos para autoestima duradoura. Harmonização glútea: biostimulador glúteo, estética corporal e segurança procedimentos estéticos.""","1. ""DM dúvidas pós""; 2. ""Comente dica""; 3. ""Salve checklist""; 4. ""Agende follow-up""; 5. ""Marque pós-paciente"".",Checklist printable; postar pós-feriado; #CuidadosPos.
17,Credibilidade,Galeria de resultados múltiplos procedimentos.,"1. ""Galeria transformações""; 2. ""Resultados reais clínicos""; 3. ""Prova estética premium""; 4. ""Antes/depois variados""; 5. ""Sucessos da Dra."".",- Cena 1: Caso 1; - Cena 2: Caso 2; - Cena 3: Convite galeria.,Slide 1: Íntima masc; Slide 2: Full face; Slide 3: Glúteos; Slide 4: Depo.,"""Galeria de resultados em harmonização íntima masculina, feminina e full face para autoestima. Preenchimento glúteos: rejuvenescimento íntimo e segurança procedimentos estéticos no Brasil.""","1. ""Comente favorito""; 2. ""DM para galeria privada""; 3. ""Salve inspiração""; 4. ""Link bio galeria""; 5. ""Marque amigo"".",Multi-imagens; filtro consistente; #GaleriaResultados.
18,Engajamento,Live Q&A procedimentos.,"1. ""Live: pergunte estética""; 2. ""Q&A harmonização""; 3. ""Ao vivo com Dra.""; 4. ""Dúvidas respondidas""; 5. ""Interaja ao vivo"".",- Cena 1: Anúncio live; - Cena 2: Teaser pergunta; - Cena 3: Convite join.,Slide 1: Data/hora; Slide 2: Temas; Slide 3: Preparo; Slide 4: Benefícios.,"""Participe de lives sobre harmonização full face e íntima para autoestima elevada. Rejuvenescimento íntimo: estética íntima e segurança procedimentos estéticos em clínicas.""","1. ""Join live agora""; 2. ""Comente dúvida pré""; 3. ""Salve lembrete""; 4. ""Marque para assistir""; 5. ""DM inscrição"".",Anúncio stories; collab; #LivesEstetica.
19,Autoridade,Tendências internacionais em estética íntima.,"1. ""Tendências globais íntima""; 2. ""Inovações estética masculina""; 3. ""UroFill no Brasil""; 4. ""Atualizações rejuvenescimento""; 5. ""Mundo da harmonização"".",- Cena 1: Tendência 1; - Cena 2: Adaptação BR; - Cena 3: Futuro.,Slide 1: Global; Slide 2: BR adaptação; Slide 3: Exemplo; Slide 4: Dica.,"""Fique por dentro de tendências em harmonização íntima masculina para autoestima. Rejuvenescimento íntimo: preenchimento íntimo masculino e segurança procedimentos estéticos no mundo.""","1. ""DM tendência específica""; 2. ""Comente opinião""; 3. ""Salve update""; 4. ""Agende para inovar""; 5. ""Marque global"".",Mapa visual; postar segundas; #TendenciasEstetica.
20,Credibilidade,Certificações e congressos da Dra.,"1. ""Certificações Dra.: autoridade""; 2. ""Congressos estética""; 3. ""Atualizações profissionais""; 4. ""Prova expertise""; 5. ""Dra. em ação global"".",- Cena 1: Certificado show; - Cena 2: Congresso clip; - Cena 3: Aprendizado.,Slide 1: Cert 1; Slide 2: Cert 2; Slide 3: Congresso; Slide 4: Impacto.,"""Conheça certificações em harmonização full face e íntima para confiança. Autoestima: rejuvenescimento íntimo e segurança procedimentos estéticos com expertise.""","1. ""Comente sobre congresso""; 2. ""DM para credenciais""; 3. ""Salve prova""; 4. ""Link bio currículo""; 5. ""Marque admirador"".",Fotos reais; badge visuals; #CertificacoesMedica.
21,Credibilidade,Dia na clínica: bastidores.,"1. ""Bastidores clínica premium""; 2. ""Um dia com Dra.""; 3. ""Transparência estética""; 4. ""Equipe em ação""; 5. ""Credibilidade diária"".",- Cena 1: Chegada; - Cena 2: Atendimento; - Cena 3: Final dia.,Slide 1: Rotina; Slide 2: Equipe; Slide 3: Pacientes; Slide 4: Fechamento.,"""Veja bastidores de harmonização íntima masculina em clínica premium para autoestima. Estética íntima: rejuvenescimento íntimo e segurança procedimentos estéticos no Brasil.""","1. ""DM tour virtual""; 2. ""Comente visita""; 3. ""Salve dia típico""; 4. ""Agende tour""; 5. ""Marque amigo"".",Vídeo real-time; humanizado; #BastidoresClinica.
22,Autoridade,Nutrição e estética integrada.,"1. ""Nutrição + harmonização""; 2. ""Dieta para resultados""; 3. ""Ciência integrada estética""; 4. ""Alimentos autoestima""; 5. ""Boost procedimentos"".",- Cena 1: Alimentos chave; - Cena 2: Impacto pele; - Cena 3: Dica combo.,Slide 1: Alimentos; Slide 2: Benefícios; Slide 3: Receita; Slide 4: Integração.,"""Integre nutrição à harmonização full face para autoestima máxima. Rejuvenescimento facial: preenchimento facial e segurança procedimentos estéticos com dieta.""","1. ""DM receita""; 2. ""Comente alimento favorito""; 3. ""Salve dicas""; 4. ""Agende nutri consulta""; 5. ""Marque nutricionista"".",Infográficos comida; postar almoço; #NutricaoEstetica.
23,Engajamento,Sugestões de conteúdo dos seguidores.,"1. ""Sugira conteúdo estética""; 2. ""O que postar próximo?""; 3. ""Ideias seguidores""; 4. ""Engaje com sugestões""; 5. ""Vote temas"".",- Cena 1: Pergunta aberta; - Cena 2: Exemplo sugestão; - Cena 3: Obrigado.,Slide 1: Convite; Slide 2: Exemplo 1; Slide 3: Exemplo 2; Slide 4: Implemente.,"""Sugira conteúdos sobre rejuvenescimento íntimo feminino para autoestima coletiva. Harmonização íntima feminina: ninfoplastia e segurança procedimentos estéticos.""","1. ""Comente ideia""; 2. ""DM sugestão privada""; 3. ""Salve e vote""; 4. ""Marque criativo""; 5. ""Poll stories"".",Crowdsourcing; responder todos; #SugestoesConteudo.
24,Credibilidade,Parceria com fornecedor produtos.,"1. ""Parceria estética premium""; 2. ""Fornecedores confiáveis""; 3. ""Produtos certificados""; 4. ""Credibilidade em parcerias""; 5. ""Qualidade procedimentos"".",- Cena 1: Produto show; - Cena 2: Uso clínica; - Cena 3: Benefício.,Slide 1: Parceiro; Slide 2: Produto; Slide 3: Aplicação; Slide 4: Vantagem.,"""Parcerias em preenchimento glúteos elevam autoestima. Harmonização glútea: biostimulador glúteo e segurança procedimentos estéticos com qualidade.""","1. ""DM para parceria""; 2. ""Comente produto""; 3. ""Salve lista""; 4. ""Link bio fornecedores""; 5. ""Marque parceiro"".",Tag parceiro; collab post; #ParceriasEstetica.
25,Autoridade,Atualizações congressos 2025.,"1. ""Congressos estética 2025""; 2. ""Atualizações Dra.""; 3. ""Inovações aprendidas""; 4. ""Autoridade global""; 5. ""Tendências congresso"".",- Cena 1: Evento clip; - Cena 2: Insight; - Cena 3: Aplicação BR.,Slide 1: Evento; Slide 2: Aprendizado; Slide 3: Impacto; Slide 4: Próximo.,"""Atualizações de congressos em harmonização full face para autoestima avançada. Rejuvenescimento facial: preenchimento facial e segurança procedimentos estéticos internacionais.""","1. ""Comente evento""; 2. ""DM inscrição""; 3. ""Salve insights""; 4. ""Agende baseado nisso""; 5. ""Marque colega"".",Fotos evento; postar pós-congresso; #CongressosEstetica.
26,Credibilidade,Feedback anual pacientes.,"1. ""Feedbacks 2025: reais""; 2. ""Ano de transformações""; 3. ""Prova anual credibilidade""; 4. ""Pacientes destacam""; 5. ""Reviews inspiradoras"".",- Cena 1: Review 1; - Cena 2: Review 2; - Cena 3: Agradecimento.,Slide 1: Top review; Slide 2: Destaque; Slide 3: Gráfico satisfação; Slide 4: Convite.,"""Feedbacks anuais de harmonização íntima masculina boostam autoestima. Preenchimento íntimo masculino: rejuvenescimento íntimo e segurança procedimentos estéticos.""","1. ""Comente seu feedback""; 2. ""DM review""; 3. ""Salve anual""; 4. ""Link bio review""; 5. ""Marque satisfeito"".",Gráfico pie; fim de ano; #FeedbacksAnuais.
27,Autoridade,Segurança em procedimentos íntimos.,"1. ""Segurança prioritária íntima""; 2. ""Protocolos estéticos""; 3. ""Riscos minimizados""; 4. ""Autoridade em segurança""; 5. ""Cuidados essenciais"".",- Cena 1: Protocolo; - Cena 2: Certificação; - Cena 3: Dica risco.,Slide 1: Riscos comuns; Slide 2: Prevenção; Slide 3: Protocolos; Slide 4: Conclusão.,"""Priorize segurança procedimentos estéticos em harmonização íntima feminina para autoestima segura. Ninfoplastia: rejuvenescimento íntimo feminino e estética íntima feminina.""","1. ""DM preocupações""; 2. ""Comente risco""; 3. ""Salve protocolo""; 4. ""Agende segura""; 5. ""Marque preocupada"".",Ícones alerta; postar quartas; #SegurancaEstetica.
28,Engajamento,Concurso dicas beleza.,"1. ""Concurso dicas estética""; 2. ""Compartilhe sua dica""; 3. ""Engaje e ganhe""; 4. ""Prêmio autoestima""; 5. ""Interaja dicas"".",- Cena 1: Regras; - Cena 2: Exemplo dica; - Cena 3: Prêmio tease.,Slide 1: Convite; Slide 2: Regras; Slide 3: Exemplo; Slide 4: Vencedor.,"""Participe de concursos sobre preenchimento glúteos para autoestima coletiva. Harmonização glútea: biostimulador glúteo e segurança procedimentos estéticos.""","1. ""Comente dica""; 2. ""DM entrada""; 3. ""Salve regras""; 4. ""Marque participantes""; 5. ""Vote favoritos"".",Prêmio pequeno; regras claras; #ConcursosEstetica.
29,Credibilidade,Equipe apresentação.,"1. ""Equipe por trás sucesso""; 2. ""Conheça profissionais""; 3. ""Credibilidade equipe""; 4. ""Especialistas estética""; 5. ""Time Dra."".",- Cena 1: Membro 1; - Cena 2: Membro 2; - Cena 3: Colaboração.,Slide 1: Dra.; Slide 2: Enfermeira; Slide 3: Nutri; Slide 4: Time foto.,"""Conheça a equipe de harmonização full face que eleva autoestima. Rejuvenescimento facial: preenchimento facial e segurança procedimentos estéticos com experts.""","1. ""Comente saudação""; 2. ""DM equipe""; 3. ""Salve bios""; 4. ""Agende com time""; 5. ""Marque membro"".",Fotos grupo; bio curta; #EquipeClinica.
30,Autoridade,Skincare pós-procedimentos.,"1. ""Skincare pós-estética""; 2. ""Rotina rejuvenescimento""; 3. ""Dicas autoridade pele""; 4. ""Manutenção resultados""; 5. ""Cuidados integrados"".",- Cena 1: Produto 1; - Cena 2: Aplicação; - Cena 3: Benefício.,Slide 1: Rotina dia; Slide 2: Noite; Slide 3: Produtos; Slide 4: Dicas.,"""Rotina skincare pós-harmonização íntima masculina para autoestima duradoura. Preenchimento íntimo masculino: rejuvenescimento íntimo e segurança procedimentos estéticos.""","1. ""DM rotina personal""; 2. ""Comente produto""; 3. ""Salve rotina""; 4. ""Comprar via link""; 5. ""Marque skincare lover"".",Produtos afiliados; demo; #SkincarePos.
31,Credibilidade,Self-care pós-consulta.,"1. ""Self-care pós-estética""; 2. ""Relax após procedimentos""; 3. ""Credibilidade bem-estar""; 4. ""Dicas recuperação""; 5. ""Equilíbrio pós"".",- Cena 1: Dica relax; - Cena 2: Benefício; - Cena 3: Testemunho.,Slide 1: Dica 1; Slide 2: Dica 2; Slide 3: Benefício; Slide 4: Convite.,"""Self-care após rejuvenescimento íntimo feminino eleva autoestima. Harmonização íntima feminina: ninfoplastia e segurança procedimentos estéticos com relax.""","1. ""Comente self-care""; 2. ""DM dica pessoal""; 3. ""Salve tips""; 4. ""Agende self-care""; 5. ""Marque relaxada"".",Imagens zen; postar noites; #SelfCareEstetica.
32,Autoridade,Bioestimuladores explicados.,"1. ""Bioestimuladores: colágeno boost""; 2. ""Ciência bio glúteos""; 3. ""Autoridade em estimuladores""; 4. ""Mecanismo rejuvenescimento""; 5. ""Inovação estética"".",- Cena 1: Mecanismo; - Cena 2: Aplicações; - Cena 3: Vantagens.,Slide 1: O quê; Slide 2: Como; Slide 3: Onde; Slide 4: Por quê.,"""Entenda bioestimuladores em preenchimento glúteos para autoestima. Harmonização glútea: biostimulador glúteo e segurança procedimentos estéticos avançados.""","1. ""DM bio info""; 2. ""Comente aplicação""; 3. ""Salve explicação""; 4. ""Agende bio""; 5. ""Marque interessado"".",Animação celular; educativo; #Bioestimuladores.
33,Engajamento,Webinar gratuito estética.,"1. ""Webinar grátis harmonização""; 2. ""Aprenda ao vivo""; 3. ""Engaje webinar""; 4. ""Dúvidas resolvidas online""; 5. ""Interaja gratuito"".",- Cena 1: Tema tease; - Cena 2: Data; - Cena 3: Inscrição call.,Slide 1: Tópico; Slide 2: Benefícios; Slide 3: Data; Slide 4: Inscrição.,"""Webinar gratuito sobre harmonização full face para autoestima. Rejuvenescimento facial: preenchimento facial e segurança procedimentos estéticos online.""","1. ""Inscreva link bio""; 2. ""Comente tema desejado""; 3. ""Salve data""; 4. ""Marque para join""; 5. ""DM inscrição"".",Linktree; promo stories; #WebinarsEstetica.
34,Credibilidade,Investimento em equipamentos.,"1. ""Equipamentos premium clínica""; 2. ""Investimento credibilidade""; 3. ""Tecnologia estética""; 4. ""Atualizações equipamentos""; 5. ""Qualidade procedimentos"".",- Cena 1: Novo equipamento; - Cena 2: Demo; - Cena 3: Benefício paciente.,Slide 1: Equipamento; Slide 2: Uso; Slide 3: Vantagem; Slide 4: Certificação.,"""Investimentos em equipamentos para harmonização íntima masculina e autoestima. Preenchimento íntimo masculino: rejuvenescimento íntimo e segurança procedimentos estéticos high-tech.""","1. ""Comente tech""; 2. ""DM demo""; 3. ""Salve update""; 4. ""Agende com novo""; 5. ""Marque tech lover"".",Vídeo demo; tag marca; #EquipamentosClinica.
35,Autoridade,Laserterapia íntima detalhada.,"1. ""Laserterapia: íntima feminina""; 2. ""Ciência laser CO2""; 3. ""Autoridade rejuvenescimento""; 4. ""Detalhes laser""; 5. ""Inovação íntima"".",- Cena 1: Como funciona; - Cena 2: Áreas; - Cena 3: Resultados.,Slide 1: Tech; Slide 2: Processo; Slide 3: Benefícios; Slide 4: Cuidados.,"""Detalhes de laserterapia em rejuvenescimento íntimo feminino para autoestima. Harmonização íntima feminina: ninfoplastia e segurança procedimentos estéticos laser.""","1. ""DM laser info""; 2. ""Comente área""; 3. ""Salve detalhes""; 4. ""Agende laser""; 5. ""Marque feminina"".",Diagramas; postar terças; #Laserterapia.
36,Credibilidade,Desafios superados na clínica.,"1. ""Desafios resolvidos estética""; 2. ""Credibilidade em soluções""; 3. ""Histórias superadas""; 4. ""Lições pacientes""; 5. ""Transparência desafios"".",- Cena 1: Problema; - Cena 2: Solução; - Cena 3: Lição.,Slide 1: Desafio; Slide 2: Ação; Slide 3: Resultado; Slide 4: Dica.,"""Superando desafios em harmonização full face para autoestima resiliente. Rejuvenescimento facial: preenchimento facial e segurança procedimentos estéticos reais.""","1. ""Comente desafio""; 2. ""DM sua história""; 3. ""Salve lição""; 4. ""Agende solução""; 5. ""Marque resiliente"".",Narrativa honesta; motivacional; #DesafiosSuperados.
37,Autoridade,Radiofrequência explicada.,"1. ""Radiofrequência: firmeza""; 2. ""Ciência radio íntima""; 3. ""Autoridade em tech""; 4. ""Detalhes radiofrequência""; 5. ""Inovação corporal"".",- Cena 1: Mecanismo; - Cena 2: Aplicação; - Cena 3: Benefícios.,Slide 1: O quê; Slide 2: Como; Slide 3: Para quem; Slide 4: Resultados.,"""Explique radiofrequência em preenchimento glúteos para autoestima. Harmonização glútea: biostimulador glúteo e segurança procedimentos estéticos radio.""","1. ""DM radio info""; 2. ""Comente benefício""; 3. ""Salve explicação""; 4. ""Agende radio""; 5. ""Marque corporal"".",Ondas animação; educativo; #Radiofrequencia.
38,Engajamento,Enquete dores estéticas.,"1. ""Enquete: dores íntimas""; 2. ""Vote inseguranças""; 3. ""Engaje enquete""; 4. ""Dores comuns estética""; 5. ""Interaja dores"".",- Cena 1: Enquete tela; - Cena 2: Opções; - Cena 3: Convite voto.,Slide 1: Pergunta; Slide 2: Opções; Slide 3: Soluções; Slide 4: Resultados.,"""Enquete sobre dores em harmonização íntima masculina para autoestima coletiva. Preenchimento íntimo masculino: rejuvenescimento íntimo e segurança procedimentos estéticos.""","1. ""Vote stories""; 2. ""Comente dor""; 3. ""DM enquete""; 4. ""Salve e vote""; 5. ""Marque afetado"".",Enquete integrada; análise posterior; #EnquetesEstetica.
39,Credibilidade,Colab com influenciador.,"1. ""Colab influenciador estética""; 2. ""Credibilidade parcerias""; 3. ""Dicas com expert""; 4. ""Influencer + Dra.""; 5. ""Prova colab"".",- Cena 1: Intro colab; - Cena 2: Dica conjunta; - Cena 3: Benefício.,Slide 1: Influencer; Slide 2: Tema; Slide 3: Insight; Slide 4: CTA.,"""Colabs em rejuvenescimento íntimo feminino elevam autoestima. Harmonização íntima feminina: ninfoplastia e segurança procedimentos estéticos com influencers.""","1. ""Comente colab ideia""; 2. ""DM para colab""; 3. ""Salve insight""; 4. ""Tag influencer""; 5. ""Marque potencial"".",Tag mútuo; co-criação; #ColabsEstetica.
40,Autoridade,Tratamentos acne estética.,"1. ""Tratamentos acne: autoridade""; 2. ""Ciência pele acne""; 3. ""Soluções estéticas acne""; 4. ""Detalhes acne""; 5. ""Inovação pele"".",- Cena 1: Causas; - Cena 2: Tratamentos; - Cena 3: Prevenção.,Slide 1: Causas; Slide 2: Opções; Slide 3: Cuidados; Slide 4: Resultados.,"""Tratamentos acne integrados à harmonização full face para autoestima clara. Rejuvenescimento facial: preenchimento facial e segurança procedimentos estéticos anti-acne.""","1. ""DM acne info""; 2. ""Comente tipo pele""; 3. ""Salve tratamentos""; 4. ""Agende acne""; 5. ""Marque acne fighter"".",Fotos pele; before/after; #TratamentosAcne.
41,Engajamento,Reels colaborativos dueto.,"1. ""Dueto reels estética""; 2. ""Colabore com Dra.""; 3. ""Engaje dueto""; 4. ""Dueto harmonização""; 5. ""Interaja vídeo"".",- Cena 1: Tease dueto; - Cena 2: Exemplo; - Cena 3: Convite.,Slide 1: Como dueto; Slide 2: Tema; Slide 3: Benefício; Slide 4: Exemplos.,"""Duete reels sobre preenchimento glúteos para autoestima interativa. Harmonização glútea: biostimulador glúteo e segurança procedimentos estéticos dueto.""","1. ""Duete agora""; 2. ""Comente dueto ideia""; 3. ""DM dueto privado""; 4. ""Salve tutorial""; 5. ""Marque dueto partner"".",Sound viral; incentivar; #DuetosEstetica.
42,Credibilidade,Ano review clínica.,"1. ""Review ano estética""; 2. ""Credibilidade anual""; 3. ""Destaques 2025""; 4. ""Prova crescimento""; 5. ""Ano transformações"".",- Cena 1: Destaque 1; - Cena 2: Destaque 2; - Cena 3: Futuro.,Slide 1: Metas atingidas; Slide 2: Pacientes; Slide 3: Inovações; Slide 4: Obrigado.,"""Review anual de harmonização íntima masculina impulsionando autoestima. Preenchimento íntimo masculino: rejuvenescimento íntimo e segurança procedimentos estéticos 2025.""","1. ""Comente destaque""; 2. ""DM review pessoal""; 3. ""Salve ano""; 4. ""Agende 2026""; 5. ""Marque fã"".",Infográfico ano; fim ano; #ReviewAnual.
43,Autoridade,Peelings íntimos guia.,"1. ""Peelings íntimos: ciência""; 2. ""Guia autoridade peel""; 3. ""Detalhes clareamento""; 4. ""Inovação íntima peel""; 5. ""Cuidados peel"".",- Cena 1: Tipos; - Cena 2: Processo; - Cena 3: Benefícios.,Slide 1: O quê; Slide 2: Como; Slide 3: Pós; Slide 4: FAQ.,"""Guia peelings em harmonização íntima feminina para autoestima. Rejuvenescimento íntimo feminino: ninfoplastia e segurança procedimentos estéticos peel.""","1. ""DM peel info""; 2. ""Comente tipo""; 3. ""Salve guia""; 4. ""Agende peel""; 5. ""Marque interessada"".",Animação pele; detalhado; #PeelingsIntimos.
44,Engajamento,Feedback post interativo.,"1. ""Feedback post: engaje""; 2. ""O que achou conteúdo?""; 3. ""Interaja feedback""; 4. ""Vote post""; 5. ""Sugira melhorias"".",- Cena 1: Pergunta feedback; - Cena 2: Opções; - Cena 3: Obrigado.,Slide 1: Post recap; Slide 2: Pergunta; Slide 3: Opções; Slide 4: Próximo.,"""Dê feedback sobre rejuvenescimento íntimo para autoestima melhorada. Harmonização íntima feminina: estética íntima feminina e segurança procedimentos estéticos.""","1. ""Comente feedback""; 2. ""DM sugestão""; 3. ""Salve e vote""; 4. ""Marque opinante""; 5. ""Poll em stories"".",Pós-post; analisar; #FeedbackPosts.
45,Credibilidade,Mantendo clínica impecável.,"1. ""Clínica impecável: credibilidade""; 2. ""Higiene procedimentos""; 3. ""Transparência limpeza""; 4. ""Padrões alta""; 5. ""Qualidade diária"".",- Cena 1: Limpeza routine; - Cena 2: Padrões; - Cena 3: Benefício.,Slide 1: Rotina; Slide 2: Equipamentos; Slide 3: Time; Slide 4: Cert.,"""Mantendo padrões em harmonização full face para autoestima segura. Rejuvenescimento facial: preenchimento facial e segurança procedimentos estéticos higiênicos.""","1. ""Comente padrão""; 2. ""DM visita""; 3. ""Salve rotina""; 4. ""Agende limpa""; 5. ""Marque higienista"".",Vídeo limpeza; trust build; #HigieneClinica.
46,Autoridade,Tendências 2026 estética.,"1. ""Tendências 2026: autoridade""; 2. ""Futuro harmonização""; 3. ""Inovações 2026""; 4. ""Previsões estética""; 5. ""Avanços procedimentos"".",- Cena 1: Tendência 1; - Cena 2: Impacto; - Cena 3: Preparo.,Slide 1: Trend 1; Slide 2: Trend 2; Slide 3: Adaptação; Slide 4: Conclusão.,"""Previsões 2026 para preenchimento glúteos e autoestima futura. Harmonização glútea: biostimulador glúteo e segurança procedimentos estéticos inovadores.""","1. ""DM tendência 2026""; 2. ""Comente previsão""; 3. ""Salve futuro""; 4. ""Agende ahead""; 5. ""Marque visionário"".",Futurístico visuals; início ano; #Tendencias2026.
47,Engajamento,Random acts kindness estética.,"1. ""Atos kindness estética""; 2. ""Engaje kindness""; 3. ""Gentileza autoestima""; 4. ""Interaja atos""; 5. ""Kindness challenge"".",- Cena 1: Ato exemplo; - Cena 2: Convite; - Cena 3: Compartilhe.,Slide 1: Ideia; Slide 2: Como; Slide 3: Benefício; Slide 4: Tag.,"""Atos de gentileza em harmonização íntima masculina boostam autoestima comunitária. Preenchimento íntimo masculino: rejuvenescimento íntimo e segurança procedimentos estéticos kind.""","1. ""Comente ato""; 2. ""DM kindness""; 3. ""Salve challenge""; 4. ""Marque kind""; 5. ""Compartilhe história"".",Positivo; viral potential; #KindnessEstetica.
48,Credibilidade,Livro/artigo leitura Dra.,"1. ""Leituras Dra.: credibilidade""; 2. ""Livros estética""; 3. ""Artigos autoridade""; 4. ""Recomendações leitura""; 5. ""Insights livros"".",- Cena 1: Livro show; - Cena 2: Insight; - Cena 3: Aplicação.,Slide 1: Livro 1; Slide 2: Resumo; Slide 3: Livro 2; Slide 4: Dica.,"""Leituras sobre rejuvenescimento íntimo feminino para autoestima informada. Harmonização íntima feminina: ninfoplastia e segurança procedimentos estéticos livros.""","1. ""Comente livro""; 2. ""DM recomendação""; 3. ""Salve lista""; 4. ""Comprar via affiliate""; 5. ""Marque leitor"".",Capa livro; link amazon; #LeiturasEstetica.
49,Autoridade,Procedimentos combinados.,"1. ""Combos procedimentos: autoridade""; 2. ""Integração estética""; 3. ""Pacotes harmonização""; 4. ""Detalhes combos""; 5. ""Sinergia tratamentos"".",- Cena 1: Combo 1; - Cena 2: Benefícios; - Cena 3: Exemplo.,Slide 1: Combo desc; Slide 2: Prós; Slide 3: Preço; Slide 4: Agende.,"""Combos em harmonização full face para autoestima integrada. Rejuvenescimento facial: preenchimento facial e segurança procedimentos estéticos combos.""","1. ""DM combo info""; 2. ""Comente preferido""; 3. ""Salve pacotes""; 4. ""Agende combo""; 5. ""Marque duo"".",Preços teaser; visual pacote; #CombosEstetica.
50,Engajamento,No AI challenge skincare.,"1. ""Challenge no AI skincare""; 2. ""Engaje detox AI""; 3. ""Interaja natural""; 4. ""Desafio skincare""; 5. ""Vote no AI"".",- Cena 1: Regras challenge; - Cena 2: Dica natural; - Cena 3: Convite.,Slide 1: Challenge; Slide 2: Dias; Slide 3: Dicas; Slide 4: Resultados.,"""Desafio no AI em preenchimento glúteos para autoestima natural. Harmonização glútea: biostimulador glúteo e segurança procedimentos estéticos detox.""","1. ""Comente dia 1""; 2. ""DM progresso""; 3. ""Salve challenge""; 4. ""Marque challenger""; 5. ""Compartilhe resultado"".",Anti-AI trend; orgânico; #NoAIChallenge.
51,Credibilidade,Prêmios e reconhecimentos clínica.,"1. ""Prêmios clínica: credibilidade""; 2. ""Reconhecimentos estética""; 3. ""Prova prêmios""; 4. ""Destaques awards""; 5. ""Sucesso premiado"".",- Cena 1: Prêmio show; - Cena 2: Motivo; - Cena 3: Impacto.,Slide 1: Prêmio 1; Slide 2: Descrição; Slide 3: Prêmio 2; Slide 4: Obrigado.,"""Prêmios em harmonização íntima masculina confirmam autoestima premium. Preenchimento íntimo masculino: rejuvenescimento íntimo e segurança procedimentos estéticos awards.""","1. ""Comente parabéns""; 2. ""DM sobre prêmios""; 3. ""Salve destaques""; 4. ""Agende premiada""; 5. ""Marque fã"".",Troféu fotos; orgulho; #PremiosClinica.
52,Autoridade,Fios PDO explicados.,"1. ""Fios PDO: lifting""; 2. ""Ciência fios facial""; 3. ""Autoridade PDO""; 4. ""Detalhes fios""; 5. ""Inovação lifting"".",- Cena 1: Como; - Cena 2: Áreas; - Cena 3: Durabilidade.,Slide 1: O quê; Slide 2: Processo; Slide 3: Benefícios; Slide 4: Cuidados.,"""Fios PDO em harmonização full face para autoestima lifted. Rejuvenescimento facial: preenchimento facial e segurança procedimentos estéticos PDO.""","1. ""DM PDO info""; 2. ""Comente área""; 3. ""Salve explicação""; 4. ""Agende fios""; 5. ""Marque lifted"".",Animação fios; detalhado; #FiosPDO.
53,Engajamento,Quiz tipos pele.,"1. ""Quiz pele: engaje""; 2. ""Teste tipo pele""; 3. ""Interaja quiz""; 4. ""Descubra pele""; 5. ""Vote tipos"".",- Cena 1: Q1; - Cena 2: A1; - Cena 3: Pontuação.,Slide 1: Intro; Slide 2: Q1; Slide 3: Q2; Slide 4: Resultados.,"""Quiz tipos pele integrado a rejuvenescimento íntimo feminino para autoestima. Harmonização íntima feminina: ninfoplastia e segurança procedimentos estéticos pele.""","1. ""Comente resultado""; 2. ""DM quiz custom""; 3. ""Salve quiz""; 4. ""Marque pele type""; 5. ""Poll related"".",Fun quiz; respostas rápidas; #QuizPele.
54,Credibilidade,Sustentabilidade na clínica.,"1. ""Sustentabilidade estética: credibilidade""; 2. ""Eco-friendly procedimentos""; 3. ""Prova green""; 4. ""Clínica sustentável""; 5. ""Verde autoestima"".",- Cena 1: Práticas green; - Cena 2: Benefício; - Cena 3: Compromisso.,Slide 1: Iniciativas; Slide 2: Impacto; Slide 3: Produtos; Slide 4: Junte-se.,"""Sustentabilidade em preenchimento glúteos eleva autoestima eco. Harmonização glútea: biostimulador glúteo e segurança procedimentos estéticos sustentáveis.""","1. ""Comente green ideia""; 2. ""DM sustentabilidade""; 3. ""Salve práticas""; 4. ""Agende eco""; 5. ""Marque green"".",Ícones eco; trend green; #SustentabilidadeClinica.
55,Autoridade,PRP glúteos detalhado.,"1. ""PRP glúteos: ciência""; 2. ""Autoridade PRP""; 3. ""Detalhes plasma""; 4. ""Inovação PRP""; 5. ""Boost glúteos"".",- Cena 1: Processo PRP; - Cena 2: Aplicação; - Cena 3: Resultados.,Slide 1: O quê; Slide 2: Como; Slide 3: Benefícios; Slide 4: Estudos.,"""Detalhes PRP em preenchimento glúteos para autoestima natural. Harmonização glútea: biostimulador glúteo e segurança procedimentos estéticos PRP.""","1. ""DM PRP info""; 2. ""Comente benefício""; 3. ""Salve detalhes""; 4. ""Agende PRP""; 5. ""Marque plasma"".",Sangue animação; científico; #PRPGluteos.
56,Engajamento,Reverse trend online.,"1. ""Reverse trend: engaje""; 2. ""Tendências offline online""; 3. ""Interaja reverse""; 4. ""Desafio reverse""; 5. ""Vote reverse"".",- Cena 1: Trend reverse; - Cena 2: Exemplo; - Cena 3: Convite.,Slide 1: Conceito; Slide 2: Exemplo; Slide 3: Como; Slide 4: Compartilhe.,"""Reverse trends em harmonização íntima masculina para autoestima autêntica. Preenchimento íntimo masculino: rejuvenescimento íntimo e segurança procedimentos estéticos reverse.""","1. ""Comente reverse ideia""; 2. ""DM trend""; 3. ""Salve conceito""; 4. ""Marque reverse""; 5. ""Compartilhe seu"".",Trend adaptado; criativo; #ReverseTrends.
57,Credibilidade,Histórias inspiradoras pacientes.,"1. ""Histórias inspiradoras: credibilidade""; 2. ""Pacientes motivam""; 3. ""Prova inspiração""; 4. ""Transformações histórias""; 5. ""Sucesso compartilhado"".",- Cena 1: História 1; - Cena 2: Emoção; - Cena 3: Lição.,Slide 1: História; Slide 2: Foto; Slide 3: Impacto; Slide 4: Convite.,"""Histórias inspiradoras de rejuvenescimento íntimo feminino elevam autoestima. Harmonização íntima feminina: ninfoplastia e segurança procedimentos estéticos histórias.""","1. ""Comente inspiração""; 2. ""DM sua história""; 3. ""Salve motivacional""; 4. ""Agende inspirada""; 5. ""Marque motivador"".",Emocional; anônimo opcional; #HistoriasInspiradoras.
58,Autoridade,Endolaser full face.,"1. ""Endolaser: ciência facial""; 2. ""Autoridade endolaser""; 3. ""Detalhes laser endo""; 4. ""Inovação full face""; 5. ""Boost facial"".",- Cena 1: Tech endo; - Cena 2: Processo; - Cena 3: Vantagens.,Slide 1: Definição; Slide 2: Aplicação; Slide 3: Resultados; Slide 4: Cuidados.,"""Endolaser em harmonização full face para autoestima laser. Rejuvenescimento facial: preenchimento facial e segurança procedimentos estéticos endolaser.""","1. ""DM endo info""; 2. ""Comente vantagem""; 3. ""Salve detalhes""; 4. ""Agende endo""; 5. ""Marque facial"".",Laser visuals; técnico; #Endolaser.
59,Engajamento,AR challenges estética.,"1. ""AR challenges: engaje""; 2. ""Realidade aumentada estética""; 3. ""Interaja AR""; 4. ""Desafio AR""; 5. ""Vote AR"".",- Cena 1: AR demo; - Cena 2: Challenge; - Cena 3: Convite.,Slide 1: Como AR; Slide 2: Exemplo; Slide 3: Benefício; Slide 4: Participe.,"""AR challenges em preenchimento glúteos para autoestima virtual. Harmonização glútea: biostimulador glúteo e segurança procedimentos estéticos AR.""","1. ""Tente AR filter""; 2. ""Comente AR""; 3. ""DM challenge""; 4. ""Salve AR""; 5. ""Marque AR user"".",Filter custom; tech trend; #ARChallenges.
60,Credibilidade,Diversidade pacientes clínica.,"1. ""Diversidade pacientes: credibilidade""; 2. ""Inclusão estética""; 3. ""Prova diversidade""; 4. ""Pacientes variados""; 5. ""Sucesso inclusivo"".",- Cena 1: Caso diverso 1; - Cena 2: Caso 2; - Cena 3: Mensagem inclusão.,Slide 1: Tipo 1; Slide 2: Tipo 2; Slide 3: Benefícios; Slide 4: Convite.,"""Diversidade em harmonização íntima masculina promove autoestima inclusiva. Preenchimento íntimo masculino: rejuvenescimento íntimo e segurança procedimentos estéticos diversos.""","1. ""Comente inclusão""; 2. ""DM diversidade""; 3. ""Salve mensagem""; 4. ""Agende inclusivo""; 5. ""Marque diverso"".",Fotos diversas; ético; #DiversidadeClinica.